{"accuracy0": 8.782201405152225, "accuracy5": 8.782201405152225, "accuracy10": 8.782201405152225, "accuracyN": 8.782201405152225}